name.1,wmc,dit,noc,cbo,rfc,lcom,ca,ce,npm,lcom3,loc,dam,moa,mfa,cam,ic,cbm,amc,max_cc,avg_cc,bugs
0.0,4.0,3.0,0.0,8.0,12.0,0.0,2.0,6.0,4.0,0.625,182.0,1.0,1.0,0.833333333,0.325,1.0,4.0,42.5,12.0,3.5,0.0
2.0,3.0,2.0,0.0,14.0,10.0,3.0,5.0,9.0,2.0,2.0,71.0,0.0,0.0,0.9,0.6,1.0,1.0,22.66666667,1.0,0.6667,0.0
3.0,47.0,1.0,0.0,101.0,173.0,1049.0,88.0,23.0,41.0,0.9492753620000001,2031.0,0.222222222,1.0,0.0,0.11801242199999999,0.0,0.0,42.0212766,16.0,3.7021,1.0
4.0,1.0,1.0,0.0,32.0,1.0,0.0,32.0,1.0,1.0,2.0,1.0,0.0,0.0,0.0,1.0,0.0,0.0,0.0,1.0,1.0,0.0
5.0,4.0,1.0,0.0,6.0,16.0,0.0,5.0,1.0,3.0,1.095238095,218.0,1.0,0.0,0.0,0.333333333,0.0,0.0,51.75,62.0,20.5,1.0
6.0,2.0,2.0,0.0,8.0,8.0,1.0,1.0,7.0,1.0,2.0,50.0,0.0,0.0,0.947368421,0.625,1.0,1.0,24.0,1.0,0.5,0.0
7.0,21.0,5.0,0.0,36.0,139.0,74.0,23.0,21.0,14.0,0.566666667,785.0,1.0,5.0,0.970282318,0.206349206,1.0,1.0,36.095238099999996,29.0,3.2381,1.0
8.0,8.0,6.0,0.0,6.0,31.0,20.0,4.0,4.0,1.0,0.761904762,121.0,0.666666667,1.0,0.9911111109999999,0.5,4.0,12.0,13.75,1.0,0.75,0.0
9.0,6.0,1.0,11.0,31.0,13.0,9.0,31.0,1.0,6.0,0.4,45.0,1.0,1.0,0.0,0.583333333,0.0,0.0,6.333333333,1.0,0.8333,0.0
10.0,14.0,6.0,0.0,14.0,87.0,51.0,5.0,13.0,1.0,0.817307692,497.0,1.0,1.0,0.980938416,0.5,4.0,12.0,33.92857143,3.0,1.4286,1.0
11.0,3.0,7.0,0.0,5.0,27.0,3.0,1.0,5.0,3.0,1.0,110.0,1.0,0.0,0.996960486,0.666666667,0.0,0.0,35.33333333,1.0,0.6667,1.0
12.0,4.0,2.0,0.0,2.0,6.0,0.0,2.0,0.0,3.0,2.0,83.0,0.0,0.0,0.842105263,0.5625,1.0,11.0,19.75,3.0,1.25,0.0
13.0,22.0,1.0,0.0,29.0,95.0,137.0,9.0,22.0,16.0,0.7857142859999999,1219.0,0.666666667,2.0,0.0,0.20952381,0.0,0.0,54.13636364,14.0,2.0455,1.0
14.0,5.0,2.0,0.0,6.0,13.0,4.0,4.0,3.0,4.0,0.875,52.0,0.25,0.0,0.5,0.5,1.0,1.0,8.6,1.0,0.6,0.0
15.0,7.0,5.0,0.0,15.0,59.0,5.0,4.0,15.0,2.0,0.6333333329999999,389.0,1.0,1.0,0.9908952959999999,0.37142857100000004,0.0,0.0,53.85714286,8.0,2.0,0.0
16.0,4.0,2.0,0.0,7.0,20.0,0.0,1.0,6.0,3.0,0.0,79.0,1.0,0.0,0.7,0.5,1.0,1.0,18.5,3.0,1.25,0.0
17.0,14.0,1.0,0.0,8.0,32.0,29.0,6.0,7.0,11.0,0.653846154,485.0,1.0,3.0,0.0,0.223214286,0.0,0.0,33.07142857,8.0,3.5,1.0
18.0,1.0,1.0,0.0,10.0,2.0,0.0,9.0,1.0,1.0,2.0,12.0,0.0,0.0,0.0,1.0,0.0,0.0,9.0,0.0,0.0,0.0
19.0,4.0,5.0,0.0,6.0,17.0,0.0,4.0,5.0,2.0,0.5,61.0,1.0,1.0,0.995856354,0.41666666700000005,0.0,0.0,13.75,2.0,1.0,0.0
20.0,27.0,1.0,0.0,7.0,39.0,87.0,3.0,6.0,19.0,0.873931624,1342.0,1.0,3.0,0.0,0.230452675,0.0,0.0,48.03703704,15.0,3.9259,1.0
21.0,1.0,1.0,0.0,8.0,1.0,0.0,7.0,1.0,1.0,2.0,1.0,0.0,0.0,0.0,1.0,0.0,0.0,0.0,1.0,1.0,0.0
22.0,1.0,2.0,0.0,4.0,2.0,0.0,2.0,2.0,1.0,2.0,5.0,0.0,0.0,1.0,1.0,0.0,0.0,4.0,0.0,0.0,0.0
23.0,6.0,1.0,0.0,4.0,7.0,0.0,3.0,1.0,6.0,0.133333333,118.0,1.0,0.0,0.0,0.5,0.0,0.0,18.16666667,4.0,2.0,0.0
24.0,19.0,6.0,0.0,12.0,60.0,125.0,11.0,8.0,7.0,0.916666667,336.0,1.0,1.0,0.97309417,0.19736842100000002,3.0,6.0,16.15789474,3.0,1.0526,0.0
25.0,8.0,1.0,0.0,15.0,32.0,0.0,8.0,9.0,3.0,0.7662337659999999,356.0,0.0,1.0,0.0,0.375,0.0,0.0,42.125,1.0,0.375,0.0
26.0,3.0,2.0,0.0,4.0,8.0,0.0,1.0,3.0,0.0,0.75,151.0,0.5,0.0,0.7777777779999999,0.444444444,1.0,2.0,48.0,18.0,7.3333,0.0
27.0,5.0,6.0,0.0,7.0,34.0,2.0,3.0,6.0,1.0,0.8,202.0,1.0,2.0,0.99389313,0.35,0.0,0.0,38.4,1.0,0.8,0.0
28.0,3.0,2.0,0.0,9.0,7.0,1.0,3.0,6.0,1.0,1.0,30.0,0.0,0.0,0.947368421,0.666666667,1.0,2.0,8.0,1.0,0.3333,0.0
29.0,2.0,2.0,0.0,10.0,7.0,1.0,1.0,9.0,1.0,1.0,79.0,0.0,0.0,0.947368421,0.625,1.0,1.0,38.0,1.0,0.5,0.0
30.0,2.0,2.0,0.0,1.0,5.0,1.0,0.0,1.0,2.0,2.0,14.0,0.0,0.0,0.923076923,0.75,0.0,0.0,6.0,1.0,0.5,0.0
31.0,3.0,1.0,0.0,29.0,3.0,3.0,29.0,0.0,3.0,1.5,4.0,0.0,0.0,0.0,0.833333333,0.0,0.0,0.0,1.0,1.0,0.0
32.0,11.0,1.0,3.0,7.0,29.0,33.0,6.0,5.0,8.0,0.6333333329999999,141.0,0.666666667,0.0,0.0,0.185714286,0.0,0.0,11.54545455,3.0,1.4545,1.0
33.0,9.0,1.0,0.0,12.0,45.0,8.0,10.0,3.0,8.0,0.6875,294.0,0.833333333,0.0,0.0,0.333333333,0.0,0.0,31.0,10.0,3.0,1.0
34.0,7.0,2.0,0.0,4.0,21.0,0.0,1.0,3.0,0.0,0.541666667,300.0,1.0,1.0,0.538461538,0.333333333,1.0,3.0,41.28571429,16.0,4.7143,0.0
35.0,6.0,1.0,0.0,3.0,11.0,9.0,1.0,3.0,5.0,0.488888889,135.0,1.0,3.0,0.0,0.333333333,0.0,0.0,20.0,6.0,1.6667,0.0
36.0,6.0,2.0,0.0,16.0,14.0,3.0,8.0,8.0,5.0,0.666666667,92.0,1.0,0.0,0.7826086959999999,0.444444444,0.0,0.0,13.83333333,1.0,0.8333,0.0
37.0,5.0,2.0,0.0,5.0,22.0,0.0,1.0,4.0,0.0,0.125,206.0,1.0,0.0,0.7,0.35,1.0,3.0,39.8,11.0,4.0,0.0
38.0,4.0,2.0,0.0,10.0,21.0,2.0,2.0,8.0,3.0,0.5555555560000001,176.0,0.333333333,0.0,0.857142857,0.5,1.0,1.0,42.25,1.0,0.75,0.0
40.0,4.0,1.0,0.0,2.0,7.0,0.0,1.0,1.0,3.0,0.222222222,62.0,1.0,0.0,0.0,0.666666667,0.0,0.0,13.75,3.0,1.75,0.0
42.0,15.0,1.0,0.0,12.0,50.0,105.0,8.0,5.0,14.0,1.071428571,913.0,0.428571429,0.0,0.0,0.237037037,0.0,0.0,59.4,29.0,7.2667,0.0
43.0,8.0,1.0,2.0,11.0,11.0,26.0,10.0,2.0,7.0,0.857142857,28.0,1.0,1.0,0.0,0.275,0.0,0.0,2.375,1.0,0.875,0.0
44.0,5.0,2.0,0.0,15.0,25.0,10.0,2.0,13.0,1.0,1.071428571,162.0,0.0,0.0,0.818181818,0.72,0.0,0.0,30.0,1.0,0.8,0.0
46.0,12.0,6.0,0.0,8.0,49.0,40.0,3.0,7.0,3.0,0.8585858590000001,342.0,1.0,1.0,0.983823529,0.5,4.0,10.0,26.75,5.0,1.5,1.0
47.0,10.0,1.0,0.0,8.0,28.0,3.0,7.0,2.0,8.0,0.666666667,230.0,1.0,1.0,0.0,0.35,0.0,0.0,21.5,5.0,1.8,1.0
49.0,16.0,2.0,0.0,14.0,111.0,24.0,8.0,9.0,8.0,0.818181818,1304.0,0.636363636,1.0,0.8311688309999999,0.373333333,1.0,7.0,79.8125,14.0,2.6875,1.0
50.0,5.0,6.0,19.0,22.0,16.0,10.0,22.0,3.0,4.0,0.5,56.0,1.0,1.0,0.9954128440000001,0.44,0.0,0.0,10.0,1.0,0.6,0.0
51.0,28.0,5.0,0.0,25.0,136.0,184.0,14.0,20.0,12.0,0.831908832,868.0,1.0,4.0,0.960294118,0.145604396,1.0,4.0,29.53571429,15.0,2.3571,1.0
52.0,2.0,2.0,0.0,7.0,5.0,1.0,2.0,5.0,2.0,1.0,22.0,0.0,0.0,0.947368421,0.625,1.0,1.0,9.5,1.0,0.5,0.0
54.0,1.0,2.0,0.0,8.0,2.0,0.0,6.0,2.0,1.0,2.0,5.0,0.0,0.0,1.0,1.0,0.0,0.0,4.0,0.0,0.0,0.0
55.0,14.0,5.0,17.0,20.0,32.0,67.0,18.0,2.0,12.0,0.711538462,395.0,1.0,0.0,0.98048048,0.446428571,0.0,0.0,26.92857143,2.0,1.2143,0.0
56.0,8.0,1.0,13.0,15.0,9.0,12.0,13.0,2.0,0.0,0.761904762,65.0,1.0,2.0,0.0,0.35416666700000005,0.0,0.0,6.75,3.0,1.25,0.0
57.0,4.0,4.0,0.0,2.0,24.0,0.0,1.0,1.0,3.0,0.444444444,195.0,1.0,0.0,0.995377504,0.375,1.0,3.0,46.25,2.0,1.25,1.0
58.0,3.0,3.0,0.0,3.0,7.0,3.0,0.0,3.0,3.0,2.0,33.0,0.0,0.0,1.0,0.75,0.0,0.0,10.0,0.0,0.0,0.0
59.0,27.0,1.0,0.0,20.0,102.0,291.0,6.0,17.0,22.0,0.875,755.0,0.875,2.0,0.0,0.125874126,0.0,0.0,26.66666667,12.0,2.5185,1.0
60.0,8.0,1.0,2.0,5.0,12.0,8.0,2.0,3.0,7.0,0.428571429,149.0,1.0,0.0,0.0,0.4375,0.0,0.0,17.5,9.0,2.875,1.0
61.0,7.0,1.0,2.0,9.0,10.0,15.0,4.0,5.0,4.0,0.583333333,81.0,1.0,2.0,0.0,0.457142857,0.0,0.0,10.28571429,3.0,1.4286,0.0
62.0,4.0,1.0,5.0,9.0,5.0,6.0,9.0,0.0,4.0,2.0,11.0,0.0,0.0,0.0,0.75,0.0,0.0,1.75,1.0,0.75,0.0
63.0,1.0,1.0,0.0,2.0,1.0,0.0,2.0,0.0,0.0,2.0,191.0,0.0,0.0,0.0,0.0,0.0,0.0,152.0,0.0,0.0,0.0
64.0,32.0,1.0,0.0,38.0,123.0,210.0,11.0,31.0,29.0,0.683870968,1566.0,0.9,2.0,0.0,0.13671875,0.0,0.0,47.625,31.0,4.25,1.0
65.0,15.0,6.0,0.0,13.0,97.0,65.0,9.0,11.0,6.0,0.738095238,512.0,1.0,1.0,0.98173516,0.253333333,1.0,1.0,32.53333333,8.0,1.2667,0.0
66.0,3.0,2.0,0.0,11.0,10.0,3.0,4.0,7.0,2.0,2.0,79.0,0.0,0.0,0.9,0.533333333,1.0,1.0,25.33333333,1.0,0.6667,0.0
67.0,9.0,6.0,0.0,10.0,48.0,18.0,4.0,9.0,1.0,0.71875,210.0,1.0,1.0,0.9881831609999999,0.5,4.0,12.0,21.88888889,2.0,1.0,0.0
68.0,7.0,1.0,0.0,21.0,19.0,9.0,18.0,3.0,4.0,0.611111111,141.0,0.666666667,1.0,0.0,0.208333333,0.0,0.0,18.71428571,5.0,1.4286,0.0
69.0,17.0,1.0,0.0,4.0,36.0,100.0,4.0,0.0,16.0,0.7,679.0,0.8,0.0,0.0,0.323529412,0.0,0.0,38.35294118,13.0,2.4118,0.0
70.0,4.0,6.0,0.0,5.0,39.0,0.0,1.0,4.0,3.0,0.7,507.0,1.0,10.0,0.9970193740000001,1.0,3.0,5.0,120.75,6.0,2.0,0.0
71.0,6.0,2.0,0.0,4.0,22.0,3.0,1.0,3.0,0.0,1.0625,283.0,0.0,0.0,0.636363636,0.28571428600000004,1.0,2.0,43.5,24.0,5.0,0.0
72.0,5.0,3.0,0.0,4.0,18.0,8.0,0.0,4.0,5.0,0.375,176.0,1.0,2.0,0.818181818,0.36666666700000006,2.0,3.0,33.0,7.0,2.6,0.0
73.0,2.0,2.0,0.0,2.0,3.0,1.0,2.0,2.0,2.0,2.0,8.0,0.0,0.0,0.8888888890000001,0.625,0.0,0.0,3.0,1.0,0.5,0.0
74.0,4.0,8.0,0.0,13.0,30.0,6.0,3.0,13.0,4.0,2.0,119.0,0.0,0.0,0.996515679,0.875,0.0,0.0,28.75,7.0,2.25,0.0
75.0,11.0,1.0,0.0,2.0,16.0,35.0,1.0,2.0,11.0,0.6,52.0,1.0,1.0,0.0,0.424242424,0.0,0.0,3.6363636360000005,1.0,0.9091,0.0
76.0,5.0,6.0,0.0,5.0,22.0,4.0,2.0,4.0,1.0,0.25,353.0,1.0,2.0,0.994056464,0.5,1.0,3.0,67.2,5.0,1.6,0.0
77.0,4.0,2.0,0.0,4.0,8.0,4.0,1.0,3.0,0.0,0.666666667,55.0,1.0,0.0,0.7,0.375,1.0,2.0,12.25,6.0,2.0,0.0
78.0,5.0,6.0,0.0,7.0,36.0,4.0,2.0,6.0,1.0,0.46428571399999996,247.0,1.0,2.0,0.994056464,0.5,2.0,4.0,47.0,4.0,1.8,0.0
79.0,4.0,8.0,0.0,14.0,30.0,6.0,3.0,14.0,4.0,2.0,132.0,0.0,0.0,0.996515679,0.875,0.0,0.0,32.0,7.0,2.25,0.0
80.0,25.0,1.0,0.0,48.0,72.0,200.0,41.0,16.0,18.0,0.8712121209999999,375.0,0.9090909090000001,3.0,0.0,0.113095238,0.0,0.0,13.56,8.0,1.56,1.0
81.0,6.0,1.0,0.0,2.0,40.0,13.0,0.0,2.0,5.0,0.6,375.0,0.0,0.0,0.0,0.28,0.0,0.0,61.33333333,11.0,3.0,0.0
82.0,4.0,3.0,0.0,8.0,13.0,0.0,8.0,1.0,3.0,1.222222222,71.0,0.133333333,0.0,0.85,0.5,1.0,1.0,13.0,1.0,0.75,0.0
83.0,2.0,2.0,0.0,11.0,9.0,1.0,3.0,8.0,1.0,2.0,65.0,0.0,0.0,0.947368421,0.625,0.0,0.0,31.5,1.0,0.5,0.0
84.0,5.0,1.0,0.0,1.0,24.0,10.0,1.0,0.0,5.0,2.0,206.0,0.0,0.0,0.0,0.3,0.0,0.0,40.2,6.0,3.0,0.0
85.0,19.0,1.0,0.0,19.0,71.0,91.0,6.0,15.0,9.0,0.708333333,1313.0,0.625,1.0,0.0,0.274853801,0.0,0.0,67.68421053,5.0,1.6316,0.0
86.0,5.0,2.0,0.0,5.0,12.0,0.0,2.0,3.0,0.0,0.375,127.0,1.0,0.0,0.636363636,0.3,1.0,2.0,24.0,4.0,1.6,0.0
87.0,5.0,7.0,0.0,6.0,40.0,6.0,3.0,4.0,3.0,0.75,214.0,1.0,0.0,0.9939393940000001,0.3,2.0,5.0,41.4,1.0,0.8,0.0
88.0,5.0,3.0,0.0,4.0,18.0,8.0,0.0,4.0,5.0,0.375,176.0,1.0,2.0,0.818181818,0.36666666700000006,2.0,3.0,33.0,7.0,2.6,0.0
90.0,6.0,6.0,0.0,7.0,37.0,3.0,3.0,5.0,3.0,0.533333333,214.0,1.0,1.0,0.994993742,0.32,2.0,11.0,33.66666667,8.0,2.5,0.0
91.0,11.0,1.0,0.0,9.0,20.0,53.0,5.0,6.0,10.0,0.7826086959999999,477.0,0.043478261,2.0,0.0,0.373737374,0.0,0.0,40.27272727,7.0,3.0909,0.0
92.0,5.0,3.0,0.0,3.0,56.0,2.0,1.0,2.0,5.0,0.642857143,289.0,1.0,0.0,0.987987988,0.7,2.0,6.0,55.4,2.0,1.0,1.0
94.0,6.0,7.0,0.0,8.0,47.0,9.0,3.0,8.0,3.0,0.8,299.0,1.0,0.0,0.992435703,0.38888888899999996,0.0,0.0,48.33333333,1.0,0.8333,0.0
95.0,6.0,5.0,0.0,12.0,45.0,5.0,6.0,7.0,2.0,0.828571429,536.0,1.0,3.0,0.993055556,0.3,0.0,0.0,87.16666667,3.0,1.5,0.0
96.0,5.0,7.0,5.0,8.0,27.0,8.0,6.0,3.0,5.0,0.625,121.0,1.0,0.0,0.9953596290000001,0.6,2.0,2.0,22.8,6.0,1.8,0.0
97.0,7.0,1.0,0.0,5.0,12.0,13.0,5.0,0.0,6.0,0.5,65.0,1.0,0.0,0.0,0.166666667,0.0,0.0,8.0,4.0,1.5714,0.0
99.0,3.0,2.0,0.0,11.0,14.0,1.0,2.0,10.0,2.0,0.875,134.0,0.0,2.0,0.9,0.5555555560000001,1.0,3.0,42.33333333,1.0,0.6667,0.0
100.0,6.0,8.0,0.0,27.0,35.0,13.0,3.0,24.0,4.0,0.933333333,233.0,1.0,3.0,0.997028232,0.5,1.0,1.0,37.33333333,3.0,0.6667,0.0
101.0,2.0,1.0,0.0,5.0,2.0,1.0,4.0,1.0,2.0,2.0,2.0,0.0,0.0,0.0,0.625,0.0,0.0,0.0,1.0,1.0,0.0
102.0,11.0,4.0,0.0,4.0,23.0,23.0,2.0,2.0,10.0,0.533333333,492.0,0.333333333,1.0,0.764705882,0.272727273,2.0,4.0,43.18181818,14.0,3.2727,0.0
103.0,3.0,1.0,0.0,5.0,4.0,3.0,5.0,0.0,2.0,1.4375,23.0,0.0,2.0,0.0,0.5,0.0,0.0,4.0,2.0,1.0,0.0
104.0,86.0,2.0,0.0,8.0,96.0,3649.0,0.0,8.0,84.0,2.0,696.0,0.0,0.0,0.10526315800000001,0.05620155,0.0,0.0,7.093023256,3.0,1.0233,0.0
105.0,2.0,2.0,0.0,4.0,4.0,1.0,1.0,3.0,2.0,2.0,10.0,0.0,0.0,0.75,0.75,0.0,0.0,4.0,1.0,0.5,0.0
106.0,7.0,2.0,0.0,9.0,29.0,0.0,2.0,8.0,3.0,0.625,879.0,0.666666667,2.0,0.5,0.25,0.0,0.0,122.8571429,3.0,1.4286,1.0
107.0,11.0,2.0,0.0,12.0,108.0,11.0,2.0,12.0,3.0,0.914285714,1839.0,0.333333333,3.0,0.375,0.23636363600000002,0.0,0.0,164.2727273,20.0,5.0909,1.0
108.0,4.0,8.0,0.0,13.0,39.0,4.0,3.0,13.0,4.0,0.666666667,237.0,1.0,0.0,0.996515679,0.666666667,0.0,0.0,58.0,19.0,5.25,0.0
109.0,3.0,6.0,0.0,8.0,14.0,3.0,6.0,3.0,3.0,2.0,46.0,0.0,0.0,0.997382199,0.833333333,0.0,0.0,14.33333333,1.0,0.6667,0.0
110.0,2.0,2.0,0.0,10.0,6.0,1.0,5.0,5.0,1.0,2.0,30.0,0.0,0.0,0.947368421,0.625,0.0,0.0,14.0,1.0,0.5,0.0
111.0,5.0,1.0,0.0,12.0,27.0,0.0,5.0,8.0,0.0,0.5,158.0,0.0,0.0,0.0,0.46666666700000003,0.0,0.0,30.0,5.0,1.8,0.0
112.0,8.0,5.0,0.0,5.0,33.0,0.0,4.0,1.0,8.0,0.571428571,419.0,1.0,0.0,0.9893939390000001,0.625,0.0,0.0,51.0,12.0,3.375,0.0
113.0,3.0,7.0,0.0,5.0,10.0,1.0,2.0,4.0,2.0,0.5,40.0,1.0,1.0,0.99739922,0.4,1.0,1.0,12.0,1.0,0.6667,0.0
114.0,7.0,1.0,0.0,7.0,52.0,1.0,0.0,7.0,4.0,0.7142857140000001,343.0,0.28571428600000004,0.0,0.0,0.2,0.0,0.0,47.0,11.0,3.5714,0.0
115.0,13.0,6.0,0.0,11.0,68.0,42.0,3.0,10.0,1.0,0.796296296,512.0,1.0,5.0,0.982378855,0.5,3.0,5.0,37.69230769,9.0,2.1538,1.0
116.0,2.0,3.0,0.0,7.0,4.0,1.0,7.0,0.0,2.0,2.0,9.0,0.0,0.0,1.0,0.75,0.0,0.0,3.5,0.0,0.0,0.0
117.0,11.0,2.0,0.0,6.0,28.0,31.0,1.0,5.0,7.0,0.8,223.0,1.0,1.0,0.565217391,0.333333333,1.0,3.0,18.54545455,8.0,2.2727,0.0
118.0,4.0,8.0,0.0,8.0,28.0,6.0,2.0,8.0,4.0,2.0,129.0,0.0,0.0,0.996515679,0.875,0.0,0.0,31.25,8.0,2.5,0.0
119.0,10.0,7.0,0.0,19.0,90.0,15.0,6.0,18.0,5.0,0.793650794,606.0,1.0,2.0,0.986466165,0.25,3.0,6.0,58.9,17.0,3.4,1.0
120.0,2.0,2.0,0.0,7.0,6.0,1.0,1.0,6.0,1.0,2.0,28.0,0.0,0.0,0.947368421,0.625,1.0,1.0,13.0,1.0,0.5,0.0
121.0,56.0,1.0,1.0,47.0,140.0,1358.0,37.0,18.0,39.0,0.94025974,1757.0,0.380952381,4.0,0.0,0.110160428,0.0,0.0,30.0,7.0,1.6964,1.0
122.0,28.0,6.0,0.0,21.0,91.0,206.0,18.0,6.0,15.0,0.772486772,615.0,1.0,1.0,0.970588235,0.219387755,3.0,7.0,20.71428571,13.0,2.3571,0.0
123.0,6.0,1.0,0.0,4.0,8.0,0.0,4.0,0.0,6.0,0.5,66.0,1.0,0.0,0.0,0.75,0.0,0.0,9.666666667000001,2.0,1.0,0.0
124.0,5.0,5.0,0.0,5.0,28.0,0.0,2.0,5.0,2.0,0.666666667,119.0,1.0,0.0,0.99391172,0.4,0.0,0.0,22.2,1.0,0.8,1.0
126.0,20.0,2.0,0.0,11.0,91.0,190.0,4.0,9.0,19.0,1.0,690.0,0.0,0.0,0.6724137929999999,0.4,2.0,3.0,33.4,8.0,3.0,1.0
127.0,5.0,6.0,0.0,4.0,35.0,0.0,2.0,3.0,3.0,0.7142857140000001,406.0,1.0,0.0,0.994056464,0.5,3.0,5.0,77.4,5.0,1.8,0.0
129.0,19.0,1.0,36.0,51.0,30.0,147.0,47.0,7.0,19.0,0.8888888890000001,240.0,0.5,4.0,0.0,0.233082707,0.0,0.0,11.31578947,6.0,1.6316,0.0
130.0,1.0,2.0,0.0,3.0,2.0,0.0,1.0,2.0,1.0,2.0,5.0,0.0,0.0,1.0,1.0,0.0,0.0,4.0,0.0,0.0,0.0
131.0,2.0,2.0,0.0,10.0,9.0,1.0,2.0,8.0,1.0,2.0,40.0,0.0,0.0,0.947368421,0.6,1.0,2.0,18.5,1.0,0.5,0.0
132.0,2.0,1.0,0.0,6.0,2.0,1.0,6.0,1.0,2.0,2.0,2.0,0.0,0.0,0.0,1.0,0.0,0.0,0.0,1.0,1.0,0.0
133.0,27.0,1.0,0.0,14.0,36.0,293.0,11.0,4.0,26.0,0.9253393670000001,293.0,1.0,7.0,0.0,0.13636363599999998,0.0,0.0,9.222222222000001,4.0,1.1481,1.0
134.0,4.0,1.0,0.0,14.0,29.0,0.0,4.0,10.0,3.0,0.6190476189999999,207.0,0.857142857,4.0,0.0,0.6,0.0,0.0,49.0,9.0,2.5,0.0
135.0,9.0,2.0,0.0,19.0,52.0,16.0,4.0,19.0,2.0,0.770833333,404.0,1.0,4.0,0.428571429,0.24691358,0.0,0.0,43.22222222,11.0,2.7778,0.0
136.0,7.0,1.0,0.0,5.0,19.0,0.0,2.0,3.0,0.0,0.0,204.0,1.0,0.0,0.0,0.535714286,0.0,0.0,28.0,3.0,2.1429,1.0
137.0,8.0,2.0,0.0,7.0,19.0,26.0,3.0,4.0,6.0,0.857142857,72.0,0.0,0.0,0.872727273,0.333333333,0.0,0.0,7.875,2.0,1.0,0.0
138.0,18.0,2.0,1.0,14.0,54.0,71.0,8.0,10.0,16.0,0.7899159659999999,460.0,1.0,2.0,0.15,0.208333333,0.0,0.0,24.16666667,14.0,2.5556,1.0
139.0,2.0,1.0,0.0,2.0,2.0,1.0,2.0,1.0,2.0,2.0,2.0,0.0,0.0,0.0,0.75,0.0,0.0,0.0,1.0,1.0,0.0
141.0,6.0,3.0,0.0,2.0,19.0,15.0,2.0,0.0,4.0,1.12,184.0,0.0,0.0,0.85,0.5,1.0,1.0,28.83333333,14.0,2.8333,0.0
142.0,11.0,1.0,0.0,40.0,25.0,0.0,39.0,2.0,11.0,0.0,135.0,1.0,0.0,0.0,0.484848485,0.0,0.0,11.18181818,2.0,1.1818,0.0
143.0,17.0,5.0,0.0,25.0,77.0,60.0,14.0,20.0,10.0,0.794642857,429.0,0.857142857,1.0,0.976083707,0.235294118,3.0,12.0,23.82352941,9.0,1.8824,1.0
144.0,7.0,8.0,0.0,11.0,31.0,21.0,1.0,11.0,5.0,2.0,157.0,0.0,0.0,0.993055556,0.314285714,1.0,7.0,21.42857143,6.0,2.2857,0.0
145.0,2.0,2.0,0.0,10.0,9.0,1.0,1.0,9.0,2.0,2.0,106.0,0.0,0.0,0.947368421,0.625,2.0,2.0,52.0,1.0,0.5,0.0
146.0,10.0,2.0,0.0,6.0,30.0,1.0,4.0,4.0,9.0,0.694444444,246.0,0.75,1.0,0.8297872340000001,0.444444444,1.0,1.0,23.2,3.0,1.6,0.0
147.0,6.0,2.0,0.0,5.0,25.0,3.0,1.0,5.0,4.0,0.771428571,215.0,0.857142857,0.0,0.7222222220000001,0.7222222220000001,1.0,3.0,33.66666667,7.0,3.0,0.0
148.0,2.0,2.0,0.0,1.0,4.0,1.0,0.0,1.0,2.0,2.0,16.0,0.0,0.0,0.75,0.75,1.0,1.0,7.0,2.0,1.0,0.0
149.0,2.0,2.0,0.0,6.0,9.0,1.0,1.0,5.0,1.0,2.0,24.0,0.0,0.0,0.954545455,0.75,0.0,0.0,11.0,1.0,0.5,0.0
150.0,10.0,5.0,0.0,7.0,42.0,43.0,4.0,5.0,9.0,0.666666667,219.0,1.0,0.0,0.990654206,0.375,1.0,1.0,20.8,4.0,1.6,0.0
151.0,3.0,2.0,0.0,4.0,9.0,1.0,1.0,3.0,0.0,0.5,106.0,1.0,0.0,0.7777777779999999,0.444444444,1.0,2.0,34.0,11.0,4.0,0.0
152.0,7.0,1.0,0.0,7.0,20.0,0.0,1.0,6.0,4.0,0.7361111109999999,392.0,1.0,2.0,0.0,0.404761905,0.0,0.0,53.28571429,11.0,4.2857,1.0
154.0,5.0,2.0,0.0,5.0,29.0,2.0,1.0,4.0,4.0,0.5625,198.0,0.75,0.0,0.935483871,0.46666666700000003,1.0,7.0,37.8,8.0,2.2,0.0
155.0,12.0,6.0,0.0,7.0,44.0,26.0,3.0,6.0,1.0,0.44919786100000003,650.0,1.0,3.0,0.983823529,0.5,1.0,3.0,51.75,3.0,1.3333,1.0
156.0,6.0,1.0,0.0,1.0,6.0,15.0,1.0,0.0,6.0,2.0,6.0,0.0,0.0,0.0,0.75,0.0,0.0,0.0,1.0,1.0,0.0
157.0,239.0,4.0,0.0,66.0,478.0,13445.0,52.0,34.0,195.0,0.8871056620000001,9017.0,0.639344262,10.0,0.7315968290000001,0.080053074,3.0,19.0,36.47280335,32.0,3.5774,1.0
158.0,2.0,2.0,0.0,9.0,6.0,1.0,3.0,6.0,1.0,1.0,54.0,0.0,0.0,0.947368421,0.666666667,1.0,2.0,24.5,1.0,0.5,0.0
159.0,4.0,1.0,1.0,4.0,12.0,6.0,2.0,2.0,4.0,0.666666667,37.0,1.0,1.0,0.0,0.5,0.0,0.0,8.0,2.0,1.0,0.0
160.0,15.0,7.0,0.0,14.0,71.0,77.0,8.0,11.0,3.0,0.849206349,584.0,1.0,1.0,0.979104478,0.355555556,0.0,0.0,37.33333333,9.0,1.5333,0.0
161.0,12.0,7.0,0.0,7.0,59.0,52.0,1.0,7.0,10.0,0.709090909,284.0,1.0,2.0,0.983508246,0.27777777800000003,0.0,0.0,22.25,3.0,1.3333,0.0
162.0,3.0,1.0,0.0,9.0,19.0,3.0,0.0,9.0,1.0,1.0,54.0,0.0,0.0,0.0,0.333333333,0.0,0.0,16.66666667,3.0,1.3333,1.0
163.0,6.0,1.0,0.0,6.0,9.0,15.0,4.0,3.0,6.0,2.0,34.0,0.0,0.0,0.0,0.611111111,0.0,0.0,4.666666667,2.0,1.0,0.0
164.0,19.0,5.0,0.0,20.0,83.0,105.0,8.0,17.0,4.0,0.8222222220000001,477.0,1.0,3.0,0.973174367,0.336842105,2.0,5.0,23.57894737,10.0,1.4211,1.0
165.0,14.0,7.0,0.0,7.0,55.0,67.0,3.0,7.0,4.0,0.8888888890000001,356.0,0.8888888890000001,1.0,0.980568012,0.28571428600000004,0.0,0.0,23.78571429,3.0,1.0714,0.0
166.0,13.0,2.0,0.0,1.0,20.0,30.0,1.0,1.0,9.0,0.805555556,115.0,1.0,0.0,0.571428571,0.269230769,0.0,0.0,7.384615385,2.0,1.0769,0.0
167.0,40.0,7.0,0.0,28.0,162.0,542.0,8.0,26.0,9.0,0.831501832,1807.0,0.892857143,5.0,0.946608947,0.186813187,2.0,3.0,43.475,15.0,2.175,1.0
168.0,3.0,2.0,0.0,5.0,11.0,0.0,1.0,4.0,0.0,0.0,87.0,0.0,1.0,0.7777777779999999,0.444444444,1.0,2.0,27.33333333,7.0,3.0,0.0
169.0,9.0,1.0,0.0,6.0,18.0,0.0,6.0,1.0,8.0,1.015625,368.0,0.10416666699999999,17.0,0.0,0.40625,0.0,0.0,34.55555556,2.0,1.0,0.0
170.0,3.0,2.0,0.0,11.0,13.0,3.0,1.0,10.0,1.0,1.0,102.0,0.0,0.0,0.9,0.444444444,1.0,1.0,32.66666667,6.0,2.3333,0.0
171.0,21.0,1.0,0.0,14.0,52.0,0.0,9.0,7.0,21.0,0.492857143,1738.0,1.0,3.0,0.0,0.25170068,0.0,0.0,81.42857143,35.0,9.0952,0.0
172.0,12.0,1.0,5.0,29.0,18.0,54.0,28.0,3.0,12.0,0.727272727,49.0,1.0,0.0,0.0,0.3125,0.0,0.0,3.0,1.0,0.9167,0.0
173.0,6.0,2.0,0.0,8.0,54.0,5.0,3.0,7.0,2.0,0.72,377.0,1.0,0.0,0.924242424,0.305555556,0.0,0.0,61.0,13.0,3.8333,0.0
174.0,1.0,1.0,0.0,12.0,1.0,0.0,12.0,0.0,0.0,2.0,617.0,0.0,0.0,0.0,0.0,0.0,0.0,496.0,0.0,0.0,0.0
175.0,3.0,2.0,0.0,4.0,9.0,1.0,1.0,3.0,0.0,0.5,71.0,1.0,0.0,0.7777777779999999,0.444444444,1.0,2.0,22.33333333,6.0,2.3333,0.0
176.0,12.0,6.0,0.0,4.0,31.0,28.0,2.0,3.0,3.0,0.818181818,269.0,1.0,0.0,0.983823529,0.5,2.0,4.0,20.66666667,1.0,0.9167,0.0
177.0,60.0,6.0,0.0,138.0,221.0,1420.0,125.0,37.0,45.0,0.949152542,1722.0,0.515151515,9.0,0.916193182,0.08245614,2.0,3.0,27.15,20.0,2.8,1.0
178.0,34.0,1.0,4.0,37.0,83.0,471.0,29.0,15.0,28.0,0.96969697,679.0,0.333333333,0.0,0.0,0.24242424199999998,0.0,0.0,18.61764706,5.0,1.5588,1.0
179.0,8.0,3.0,0.0,1.0,14.0,16.0,1.0,1.0,8.0,0.7142857140000001,49.0,1.0,0.0,0.911392405,1.0,0.0,0.0,4.875,1.0,0.875,0.0
180.0,5.0,1.0,0.0,2.0,6.0,10.0,0.0,2.0,5.0,2.0,12.0,0.0,0.0,0.0,0.8,0.0,0.0,1.4,1.0,0.8,1.0
181.0,3.0,2.0,0.0,4.0,5.0,3.0,1.0,3.0,0.0,2.0,20.0,0.0,0.0,0.7777777779999999,0.46666666700000003,1.0,2.0,5.666666667,1.0,0.6667,0.0
182.0,4.0,2.0,0.0,4.0,9.0,0.0,1.0,3.0,0.0,0.444444444,80.0,1.0,0.0,0.7,0.35714285700000004,1.0,2.0,18.25,5.0,1.75,0.0
184.0,12.0,7.0,0.0,10.0,72.0,32.0,2.0,9.0,3.0,0.872727273,720.0,1.0,3.0,0.983508246,0.291666667,1.0,1.0,57.75,8.0,1.5,1.0
185.0,3.0,6.0,0.0,3.0,17.0,1.0,1.0,2.0,3.0,0.5,263.0,1.0,0.0,0.9970193740000001,1.0,2.0,4.0,84.0,5.0,2.0,0.0
186.0,1.0,4.0,0.0,17.0,2.0,0.0,17.0,0.0,1.0,2.0,5.0,0.0,0.0,1.0,1.0,0.0,0.0,4.0,0.0,0.0,0.0
187.0,14.0,1.0,0.0,11.0,39.0,61.0,4.0,7.0,12.0,0.307692308,314.0,1.0,1.0,0.0,0.320512821,0.0,0.0,21.35714286,8.0,2.5,1.0
188.0,2.0,2.0,0.0,7.0,6.0,1.0,1.0,6.0,1.0,2.0,36.0,0.0,0.0,0.947368421,0.625,1.0,1.0,17.0,1.0,0.5,0.0
189.0,7.0,2.0,0.0,9.0,22.0,0.0,4.0,6.0,5.0,0.444444444,123.0,1.0,0.0,0.538461538,0.28571428600000004,1.0,1.0,16.14285714,3.0,1.1429,0.0
190.0,23.0,5.0,0.0,37.0,128.0,153.0,29.0,18.0,12.0,0.897306397,1181.0,0.8888888890000001,3.0,0.967407407,0.17391304300000002,1.0,7.0,49.17391304,18.0,2.9130000000000003,1.0
191.0,4.0,2.0,0.0,4.0,16.0,4.0,1.0,4.0,2.0,0.833333333,109.0,0.0,0.0,0.7692307690000001,0.4,0.0,0.0,25.75,3.0,1.75,0.0
192.0,13.0,1.0,0.0,19.0,30.0,26.0,15.0,6.0,13.0,0.7333333329999999,274.0,1.0,3.0,0.0,0.33846153799999995,0.0,0.0,19.69230769,5.0,2.1538,0.0
193.0,5.0,2.0,0.0,7.0,20.0,4.0,1.0,6.0,2.0,0.5,153.0,0.0,0.0,0.818181818,0.36666666700000006,0.0,0.0,29.4,10.0,4.0,0.0
194.0,6.0,6.0,0.0,12.0,36.0,3.0,7.0,5.0,4.0,0.7,263.0,0.3,0.0,0.994482759,0.314285714,2.0,2.0,41.16666667,11.0,3.3333,1.0
196.0,6.0,1.0,0.0,4.0,6.0,15.0,4.0,1.0,6.0,2.0,6.0,0.0,0.0,0.0,1.0,0.0,0.0,0.0,1.0,1.0,0.0
197.0,3.0,6.0,0.0,5.0,28.0,1.0,1.0,4.0,3.0,0.5,435.0,1.0,9.0,0.9970193740000001,1.0,3.0,5.0,137.33333330000002,2.0,1.3333,0.0
198.0,5.0,1.0,0.0,3.0,12.0,0.0,2.0,1.0,3.0,0.46875,273.0,1.0,0.0,0.0,0.6,0.0,0.0,52.0,10.0,3.8,0.0
199.0,13.0,1.0,0.0,76.0,55.0,38.0,76.0,1.0,7.0,0.892857143,446.0,0.5,0.0,0.0,0.17857142899999998,0.0,0.0,32.23076923,7.0,2.3846,0.0
200.0,3.0,1.0,0.0,3.0,4.0,3.0,1.0,2.0,2.0,1.0,13.0,0.0,1.0,0.0,0.625,0.0,0.0,3.0,1.0,0.3333,0.0
201.0,15.0,3.0,3.0,53.0,23.0,43.0,53.0,1.0,11.0,0.5,154.0,0.0,1.0,0.566666667,0.577777778,1.0,2.0,9.133333333,3.0,1.3333,0.0
203.0,55.0,1.0,0.0,59.0,148.0,1039.0,45.0,21.0,45.0,0.778867102,1684.0,0.117647059,5.0,0.0,0.126361656,0.0,0.0,29.30909091,32.0,1.6,1.0
204.0,16.0,3.0,0.0,9.0,65.0,38.0,3.0,7.0,13.0,0.666666667,670.0,0.7777777779999999,0.0,0.729166667,0.185185185,2.0,5.0,40.3125,24.0,4.875,1.0
205.0,11.0,6.0,0.0,9.0,53.0,25.0,3.0,8.0,1.0,0.716666667,349.0,1.0,0.0,0.985272459,0.5,3.0,5.0,30.18181818,6.0,1.9091,1.0
206.0,3.0,6.0,0.0,4.0,21.0,1.0,1.0,3.0,1.0,0.5,159.0,1.0,1.0,0.9970193740000001,1.0,1.0,3.0,50.0,1.0,0.6667,0.0
207.0,4.0,2.0,0.0,3.0,17.0,6.0,1.0,3.0,4.0,2.0,86.0,0.0,0.0,0.9285714290000001,0.6,1.0,1.0,20.5,2.0,1.0,0.0
208.0,14.0,2.0,0.0,7.0,35.0,37.0,4.0,4.0,11.0,0.7606837609999999,429.0,0.8888888890000001,1.0,0.8243243240000001,0.22448979600000002,0.0,0.0,29.0,5.0,1.5,0.0
209.0,6.0,2.0,0.0,17.0,40.0,15.0,3.0,14.0,1.0,1.114285714,286.0,0.0,0.0,0.7826086959999999,0.611111111,0.0,0.0,45.5,1.0,0.8333,0.0
210.0,18.0,1.0,0.0,13.0,102.0,43.0,4.0,11.0,9.0,0.661764706,785.0,0.875,0.0,0.0,0.10457516300000001,0.0,0.0,42.16666667,18.0,3.1111,0.0
211.0,2.0,2.0,0.0,4.0,3.0,1.0,3.0,1.0,1.0,1.0,10.0,0.0,0.0,0.947368421,0.75,0.0,0.0,3.5,1.0,0.5,0.0
212.0,16.0,2.0,0.0,15.0,77.0,78.0,1.0,15.0,8.0,0.875268817,1296.0,1.0,5.0,0.46428571399999996,0.265625,1.0,3.0,78.0625,35.0,6.0,1.0
213.0,9.0,6.0,0.0,6.0,26.0,34.0,3.0,6.0,9.0,0.9375,91.0,1.0,2.0,0.987748851,0.592592593,3.0,3.0,8.888888889,1.0,0.8889,1.0
214.0,4.0,1.0,0.0,4.0,4.0,6.0,4.0,1.0,4.0,2.0,4.0,0.0,0.0,0.0,0.916666667,0.0,0.0,0.0,1.0,1.0,1.0
215.0,13.0,1.0,0.0,15.0,65.0,30.0,5.0,13.0,7.0,0.796875,1525.0,0.9375,4.0,0.0,0.215384615,0.0,0.0,115.07692309999999,42.0,8.8462,1.0
216.0,3.0,6.0,0.0,6.0,18.0,3.0,5.0,2.0,1.0,2.0,66.0,0.0,0.0,0.997382199,0.444444444,0.0,0.0,21.0,2.0,1.0,0.0
217.0,14.0,1.0,2.0,18.0,23.0,59.0,17.0,1.0,9.0,0.807692308,117.0,0.0,0.0,0.0,0.297619048,0.0,0.0,7.071428571,5.0,1.0714,1.0
218.0,3.0,1.0,1.0,10.0,9.0,1.0,9.0,1.0,3.0,1.3478260869999998,138.0,0.0,2.0,0.0,0.4,0.0,0.0,37.33333333,15.0,5.3333,0.0
219.0,53.0,4.0,0.0,22.0,145.0,988.0,14.0,14.0,46.0,0.960918114,1107.0,0.677419355,5.0,0.925501433,0.101415094,3.0,25.0,19.30188679,7.0,1.6038,1.0
220.0,50.0,1.0,0.0,5.0,66.0,3.0,1.0,4.0,6.0,0.75170068,6280.0,0.166666667,1.0,0.0,0.5,0.0,0.0,124.12,167.0,8.76,0.0
221.0,4.0,1.0,0.0,2.0,7.0,0.0,1.0,1.0,3.0,0.0,59.0,1.0,0.0,0.0,0.666666667,0.0,0.0,13.25,3.0,1.75,0.0
222.0,4.0,1.0,0.0,14.0,5.0,0.0,14.0,0.0,4.0,0.666666667,28.0,1.0,0.0,0.0,0.5,0.0,0.0,5.25,1.0,0.75,0.0
223.0,7.0,1.0,0.0,7.0,10.0,0.0,7.0,1.0,2.0,0.625,64.0,1.0,1.0,0.0,0.428571429,0.0,0.0,7.571428571,2.0,1.1429,0.0
224.0,47.0,2.0,1.0,41.0,109.0,1019.0,19.0,25.0,26.0,0.946488294,2549.0,0.46153846200000004,2.0,0.14893617,0.23007246399999998,1.0,2.0,52.95744681,11.0,1.766,0.0
225.0,1.0,2.0,0.0,3.0,2.0,0.0,1.0,2.0,1.0,2.0,5.0,0.0,0.0,1.0,1.0,0.0,0.0,4.0,0.0,0.0,0.0
226.0,4.0,2.0,0.0,10.0,23.0,6.0,3.0,7.0,2.0,2.0,176.0,0.0,0.0,0.857142857,0.583333333,1.0,1.0,43.0,1.0,0.75,0.0
227.0,6.0,6.0,1.0,11.0,22.0,13.0,11.0,1.0,5.0,0.8,75.0,1.0,0.0,0.9960784309999999,0.4,3.0,12.0,11.33333333,2.0,0.6667,0.0
228.0,12.0,2.0,0.0,7.0,36.0,36.0,1.0,7.0,8.0,0.8656126479999999,505.0,1.0,4.0,0.541666667,0.319444444,1.0,3.0,39.16666667,14.0,3.6667,0.0
229.0,1.0,2.0,0.0,5.0,2.0,0.0,3.0,2.0,1.0,2.0,5.0,0.0,0.0,1.0,1.0,0.0,0.0,4.0,0.0,0.0,0.0
230.0,27.0,1.0,0.0,3.0,40.0,25.0,3.0,0.0,21.0,0.529411765,1277.0,0.705882353,0.0,0.0,0.296296296,0.0,0.0,45.66666667,7.0,1.5926,0.0
231.0,2.0,2.0,0.0,2.0,6.0,1.0,1.0,2.0,2.0,2.0,65.0,0.0,0.0,0.8888888890000001,0.625,0.0,0.0,31.5,7.0,3.5,0.0
234.0,1.0,2.0,0.0,2.0,2.0,0.0,1.0,1.0,1.0,2.0,6.0,0.0,0.0,1.0,1.0,0.0,0.0,4.0,0.0,0.0,0.0
235.0,9.0,1.0,0.0,2.0,17.0,2.0,1.0,1.0,6.0,0.6785714290000001,236.0,1.0,0.0,0.0,1.0,0.0,0.0,24.44444444,5.0,2.8889,0.0
237.0,12.0,1.0,0.0,3.0,25.0,0.0,2.0,1.0,0.0,0.436363636,218.0,1.0,0.0,0.0,0.39583333299999995,0.0,0.0,16.75,3.0,1.3333,0.0
238.0,26.0,1.0,0.0,10.0,39.0,311.0,7.0,3.0,23.0,0.8733333329999999,179.0,1.0,1.0,0.0,0.16,0.0,0.0,5.653846154,3.0,1.1923,0.0
240.0,4.0,1.0,0.0,6.0,4.0,6.0,6.0,0.0,4.0,2.0,4.0,0.0,0.0,0.0,1.0,0.0,0.0,0.0,1.0,1.0,0.0
241.0,14.0,1.0,0.0,20.0,27.0,0.0,19.0,1.0,10.0,0.653846154,386.0,0.125,1.0,0.0,0.342857143,0.0,0.0,26.0,6.0,2.4286,0.0
242.0,5.0,1.0,4.0,5.0,11.0,10.0,4.0,1.0,5.0,2.0,48.0,0.0,0.0,0.0,0.45,0.0,0.0,8.6,2.0,1.6,0.0
243.0,14.0,7.0,0.0,12.0,98.0,43.0,4.0,11.0,2.0,0.866396761,1049.0,0.894736842,1.0,0.980568012,0.204081633,0.0,0.0,72.57142857,9.0,2.4286,0.0
245.0,5.0,2.0,1.0,8.0,11.0,6.0,2.0,6.0,4.0,0.75,81.0,1.0,1.0,0.666666667,0.288888889,1.0,2.0,14.0,2.0,1.0,0.0
246.0,2.0,1.0,0.0,4.0,2.0,1.0,3.0,2.0,2.0,2.0,2.0,0.0,0.0,0.0,1.0,0.0,0.0,0.0,1.0,1.0,0.0
247.0,45.0,1.0,0.0,41.0,77.0,898.0,36.0,5.0,28.0,0.795454545,1472.0,0.25,2.0,0.0,0.083333333,0.0,0.0,31.62222222,12.0,2.0222,0.0
248.0,37.0,1.0,0.0,24.0,111.0,666.0,12.0,15.0,14.0,2.0,1616.0,0.0,0.0,0.0,0.153846154,0.0,0.0,42.67567568,30.0,3.1622,0.0
249.0,11.0,1.0,0.0,2.0,17.0,0.0,2.0,0.0,8.0,0.225,387.0,1.0,0.0,0.0,0.436363636,0.0,0.0,33.81818182,4.0,1.8182,0.0
251.0,21.0,1.0,0.0,14.0,50.0,90.0,13.0,5.0,9.0,0.8625,660.0,0.6875,5.0,0.0,0.16931216899999998,0.0,0.0,29.66666667,14.0,3.1429,1.0
252.0,4.0,1.0,0.0,3.0,13.0,4.0,1.0,3.0,3.0,0.666666667,62.0,1.0,0.0,0.0,0.333333333,0.0,0.0,14.25,4.0,2.25,1.0
253.0,17.0,5.0,0.0,16.0,94.0,106.0,4.0,16.0,3.0,0.770833333,554.0,1.0,3.0,0.974276527,0.215686275,3.0,4.0,31.23529412,15.0,2.5294,1.0
254.0,1.0,4.0,0.0,3.0,2.0,0.0,2.0,1.0,1.0,2.0,5.0,0.0,0.0,1.0,1.0,0.0,0.0,4.0,0.0,0.0,0.0
255.0,2.0,2.0,0.0,7.0,7.0,1.0,1.0,6.0,1.0,2.0,30.0,0.0,0.0,0.947368421,0.625,1.0,1.0,14.0,1.0,0.5,0.0
256.0,6.0,2.0,0.0,16.0,45.0,15.0,3.0,13.0,6.0,2.0,280.0,0.0,0.0,0.7826086959999999,0.229166667,1.0,1.0,45.66666667,1.0,0.8333,0.0
258.0,5.0,2.0,0.0,6.0,13.0,4.0,4.0,3.0,4.0,0.875,52.0,0.25,0.0,0.5,0.5,1.0,1.0,8.6,1.0,0.6,0.0
259.0,8.0,7.0,0.0,6.0,60.0,20.0,2.0,6.0,3.0,0.8,294.0,1.0,0.0,0.9894419309999999,0.375,2.0,5.0,35.125,5.0,1.375,0.0
260.0,13.0,1.0,0.0,27.0,31.0,34.0,26.0,1.0,11.0,0.962962963,237.0,0.8888888890000001,0.0,0.0,0.083333333,0.0,0.0,16.53846154,3.0,1.9231,1.0
261.0,5.0,2.0,0.0,11.0,33.0,6.0,1.0,10.0,1.0,0.625,206.0,0.0,0.0,0.818181818,0.433333333,1.0,1.0,39.8,1.0,0.8,0.0
262.0,2.0,2.0,0.0,9.0,7.0,1.0,1.0,8.0,1.0,1.0,28.0,0.0,0.0,0.947368421,0.625,1.0,1.0,12.5,1.0,0.5,0.0
263.0,22.0,1.0,0.0,21.0,89.0,97.0,12.0,15.0,10.0,0.857142857,623.0,0.846153846,3.0,0.0,0.25,0.0,0.0,26.72727273,6.0,1.7727,1.0
265.0,3.0,2.0,0.0,4.0,8.0,0.0,1.0,3.0,0.0,0.5,77.0,1.0,0.0,0.7777777779999999,0.444444444,1.0,2.0,24.0,5.0,2.0,0.0
266.0,2.0,1.0,0.0,3.0,2.0,1.0,3.0,1.0,2.0,2.0,2.0,0.0,0.0,0.0,1.0,0.0,0.0,0.0,1.0,1.0,0.0
267.0,4.0,1.0,0.0,2.0,5.0,0.0,1.0,1.0,3.0,0.0,59.0,1.0,0.0,0.0,0.666666667,0.0,0.0,13.25,3.0,1.75,0.0
268.0,11.0,4.0,0.0,18.0,26.0,33.0,14.0,5.0,11.0,0.45,141.0,0.0,0.0,0.764705882,0.363636364,1.0,2.0,11.63636364,2.0,1.0,0.0
269.0,5.0,1.0,0.0,5.0,33.0,0.0,0.0,5.0,4.0,0.375,161.0,1.0,0.0,0.0,0.25,0.0,0.0,30.8,3.0,1.6,0.0
270.0,5.0,1.0,0.0,3.0,12.0,0.0,2.0,1.0,3.0,0.53125,256.0,1.0,0.0,0.0,0.6,0.0,0.0,48.6,10.0,3.8,0.0
271.0,8.0,2.0,0.0,18.0,38.0,28.0,1.0,17.0,1.0,2.0,273.0,0.0,0.0,0.72,0.363636364,1.0,1.0,33.125,1.0,0.875,0.0
272.0,2.0,2.0,0.0,12.0,19.0,1.0,1.0,11.0,1.0,2.0,91.0,0.0,0.0,0.947368421,0.625,1.0,1.0,44.5,1.0,0.5,0.0
273.0,3.0,2.0,0.0,6.0,9.0,0.0,4.0,2.0,3.0,0.0,36.0,1.0,0.0,0.6,0.666666667,1.0,1.0,10.66666667,1.0,0.6667,0.0
274.0,2.0,2.0,0.0,8.0,5.0,1.0,2.0,6.0,1.0,1.0,19.0,0.0,0.0,0.947368421,0.666666667,0.0,0.0,8.0,1.0,0.5,0.0
275.0,9.0,2.0,0.0,15.0,64.0,6.0,3.0,13.0,2.0,0.788043478,727.0,0.956521739,4.0,0.46153846200000004,0.25,0.0,0.0,77.22222222,14.0,3.1111,1.0
276.0,5.0,1.0,0.0,9.0,20.0,0.0,6.0,3.0,5.0,0.59375,112.0,0.0,1.0,0.0,0.533333333,0.0,0.0,19.8,2.0,1.0,0.0
277.0,7.0,3.0,0.0,8.0,18.0,5.0,1.0,7.0,7.0,0.80952381,153.0,1.0,2.0,0.727272727,0.39285714299999996,2.0,2.0,19.85714286,2.0,1.2857,0.0
278.0,16.0,1.0,0.0,14.0,64.0,0.0,6.0,10.0,1.0,0.713333333,1130.0,0.9,4.0,0.0,0.386666667,0.0,0.0,69.0,29.0,5.875,1.0
279.0,6.0,1.0,0.0,18.0,22.0,0.0,10.0,10.0,4.0,0.533333333,316.0,0.333333333,2.0,0.0,0.35714285700000004,0.0,0.0,51.16666667,2.0,1.0,0.0
280.0,2.0,2.0,0.0,10.0,9.0,1.0,1.0,9.0,1.0,1.0,36.0,0.0,0.0,0.947368421,0.625,1.0,1.0,16.0,1.0,0.5,0.0
281.0,3.0,2.0,0.0,11.0,18.0,3.0,1.0,10.0,1.0,1.0,274.0,0.0,0.0,0.9,0.533333333,1.0,1.0,90.0,1.0,0.6667,0.0
282.0,3.0,7.0,0.0,6.0,35.0,3.0,3.0,4.0,3.0,2.0,161.0,0.0,0.0,0.996960486,0.5555555560000001,0.0,0.0,52.66666667,1.0,0.6667,1.0
284.0,3.0,1.0,0.0,9.0,19.0,3.0,1.0,9.0,1.0,2.0,110.0,0.0,0.0,0.0,0.5555555560000001,0.0,0.0,35.66666667,17.0,6.3333,1.0
285.0,7.0,7.0,0.0,6.0,40.0,9.0,3.0,5.0,4.0,0.611111111,214.0,1.0,1.0,0.993811881,0.3,3.0,13.0,28.71428571,8.0,2.1429,0.0
286.0,118.0,1.0,0.0,197.0,390.0,5891.0,169.0,60.0,81.0,0.923076923,5263.0,0.9642857140000001,9.0,0.0,0.05384615400000001,0.0,0.0,43.36440678,61.0,4.0,1.0
287.0,2.0,2.0,0.0,12.0,10.0,1.0,1.0,11.0,1.0,1.125,137.0,0.625,4.0,0.947368421,0.625,1.0,1.0,63.5,1.0,0.5,0.0
288.0,7.0,2.0,0.0,16.0,17.0,19.0,8.0,8.0,6.0,0.333333333,53.0,0.0,0.0,0.75,0.457142857,1.0,1.0,6.428571429,1.0,0.8571,0.0
289.0,6.0,2.0,0.0,5.0,33.0,9.0,1.0,4.0,4.0,0.74,439.0,0.6,0.0,0.8863636359999999,0.5,2.0,3.0,70.5,13.0,4.1667,1.0
290.0,6.0,5.0,0.0,10.0,29.0,5.0,5.0,9.0,1.0,0.7,140.0,1.0,3.0,0.992401216,0.38888888899999996,0.0,0.0,21.66666667,2.0,1.0,0.0
291.0,6.0,5.0,0.0,9.0,29.0,5.0,5.0,6.0,3.0,0.666666667,141.0,1.0,2.0,0.992401216,0.5,1.0,7.0,22.0,1.0,0.8333,0.0
292.0,6.0,6.0,0.0,6.0,31.0,9.0,4.0,6.0,0.0,0.8,134.0,1.0,3.0,0.992378049,0.3,0.0,0.0,20.83333333,1.0,0.8333,0.0
293.0,11.0,1.0,0.0,2.0,14.0,49.0,2.0,1.0,11.0,0.8,50.0,1.0,1.0,0.0,0.454545455,0.0,0.0,3.3636363639999995,1.0,0.9091,0.0
294.0,6.0,2.0,0.0,10.0,14.0,5.0,8.0,4.0,5.0,0.933333333,86.0,0.166666667,1.0,0.428571429,0.4,1.0,1.0,11.33333333,1.0,0.6667,0.0
295.0,5.0,1.0,0.0,9.0,5.0,10.0,9.0,1.0,5.0,2.0,5.0,0.0,0.0,0.0,0.666666667,0.0,0.0,0.0,1.0,1.0,0.0
297.0,4.0,3.0,0.0,1.0,8.0,4.0,1.0,0.0,4.0,1.0,82.0,0.0,0.0,0.857142857,0.35,2.0,2.0,18.5,1.0,0.75,0.0
298.0,10.0,2.0,0.0,10.0,39.0,0.0,7.0,3.0,9.0,0.641975309,552.0,0.111111111,1.0,0.3,0.273504274,0.0,0.0,53.3,13.0,4.7,0.0
300.0,8.0,6.0,0.0,6.0,42.0,10.0,4.0,4.0,4.0,0.571428571,207.0,1.0,1.0,0.99086758,0.291666667,2.0,2.0,24.375,2.0,1.0,1.0
301.0,5.0,7.0,0.0,8.0,50.0,2.0,1.0,8.0,4.0,0.5,362.0,1.0,1.0,0.9939393940000001,0.46666666700000003,0.0,0.0,70.4,4.0,1.8,0.0
303.0,2.0,2.0,0.0,2.0,6.0,1.0,1.0,2.0,2.0,2.0,84.0,0.0,0.0,0.8888888890000001,0.625,0.0,0.0,41.0,9.0,4.5,1.0
304.0,5.0,6.0,0.0,5.0,28.0,0.0,2.0,4.0,1.0,0.708333333,338.0,1.0,0.0,0.994056464,0.5,2.0,4.0,64.2,3.0,1.6,0.0
305.0,5.0,1.0,0.0,2.0,17.0,4.0,1.0,1.0,3.0,0.5,137.0,1.0,0.0,0.0,0.5,0.0,0.0,25.6,3.0,2.0,0.0
306.0,40.0,1.0,0.0,73.0,94.0,780.0,69.0,8.0,37.0,1.0,1674.0,0.0,0.0,0.0,0.10625,0.0,0.0,40.825,17.0,4.7,1.0
307.0,7.0,1.0,0.0,36.0,7.0,21.0,36.0,0.0,7.0,2.0,7.0,0.0,0.0,0.0,0.523809524,0.0,0.0,0.0,1.0,1.0,0.0
308.0,43.0,4.0,0.0,13.0,108.0,737.0,6.0,12.0,36.0,0.9409523809999999,956.0,0.88,3.0,0.938953488,0.121645796,3.0,17.0,20.65116279,29.0,1.8837,1.0
309.0,4.0,2.0,0.0,12.0,21.0,6.0,1.0,11.0,1.0,1.0,280.0,0.0,0.0,0.857142857,0.45,1.0,1.0,68.75,4.0,2.25,0.0
310.0,10.0,1.0,2.0,14.0,26.0,5.0,9.0,8.0,7.0,0.38888888899999996,161.0,0.0,2.0,0.0,0.255555556,0.0,0.0,14.9,3.0,1.1,0.0
311.0,2.0,2.0,0.0,13.0,25.0,1.0,1.0,12.0,1.0,2.0,214.0,0.0,0.0,0.947368421,0.625,1.0,2.0,106.0,1.0,0.5,0.0
